Q,BestBidir,BestUnidir,DeltaPSNR,DeltaSSIM,p_PSNR,p_SSIM
4,R2A2,R4A1,0.285570035661969,0.016907125711441,1,1
6,R2A3,R1A6,0.417022596086774,0.0208149782248906,1,1
8,R2A4,R8A1,0.457642418997626,0.0214831122330257,1,1
9,R3A3,R9A1,0.468512780325753,0.0213828529630389,1,1
10,R5A2,R10A1,0.507184028625488,0.0221372766154153,1,1
